sample_path,status,gender,raw_num_betas,model_num_betas,forward_betas_dim,height_canonical,raw_v_height,reason
/home/jaeson1012/agora_dataset/smplx_gt/smplx_gt/trainset_3dpeople_kids_bfh/10034_k_Lilly_0_0.pkl,ok,neutral,11,10,11,1.3818543553352356,1.3296416997909546,
/home/jaeson1012/agora_dataset/smplx_gt/smplx_gt/trainset_3dpeople_kids_bfh/10089_k_Lilly_0_0.pkl,ok,neutral,11,10,11,1.0925796627998352,1.0932939052581787,
/home/jaeson1012/agora_dataset/smplx_gt/smplx_gt/trainset_3dpeople_kids_bfh/10090_k_Lilly_0_0.pkl,ok,neutral,11,10,11,1.1067574620246887,1.0982582569122314,
/home/jaeson1012/agora_dataset/smplx_gt/smplx_gt/trainset_3dpeople_kids_bfh/10106_k_Mady_0_0.pkl,ok,neutral,11,10,11,1.5398114323616028,1.2663116455078125,
/home/jaeson1012/agora_dataset/smplx_gt/smplx_gt/trainset_3dpeople_kids_bfh/10107_k_Mady_0_0.pkl,ok,neutral,11,10,11,1.5621384978294373,1.3337571620941162,
/home/jaeson1012/agora_dataset/smplx_gt/smplx_gt/trainset_3dpeople_kids_bfh/10109_k_Mady_0_0.pkl,ok,neutral,11,10,11,1.6035728454589844,1.1723439693450928,
/home/jaeson1012/agora_dataset/smplx_gt/smplx_gt/trainset_3dpeople_kids_bfh/10110_k_Mady_0_0.pkl,ok,neutral,11,10,11,1.652289092540741,1.6383845806121826,
/home/jaeson1012/agora_dataset/smplx_gt/smplx_gt/trainset_3dpeople_kids_bfh/10111_k_Mady_0_0.pkl,ok,neutral,11,10,11,1.635904312133789,1.6261417865753174,
/home/jaeson1012/agora_dataset/smplx_gt/smplx_gt/trainset_3dpeople_kids_bfh/10112_k_Mady_0_0.pkl,ok,neutral,11,10,11,1.698425531387329,1.223156452178955,
/home/jaeson1012/agora_dataset/smplx_gt/smplx_gt/trainset_3dpeople_kids_bfh/10184_k_Mady_0_0.pkl,ok,neutral,11,10,11,1.6353048086166382,1.6412016153335571,
/home/jaeson1012/agora_dataset/smplx_gt/smplx_gt/trainset_3dpeople_kids_bfh/10185_k_Mady_0_0.pkl,ok,neutral,11,10,11,1.6323208808898926,1.632827877998352,
/home/jaeson1012/agora_dataset/smplx_gt/smplx_gt/trainset_3dpeople_kids_bfh/10191_k_Mara_0_0.pkl,ok,neutral,11,10,11,1.3800055980682373,1.3716758489608765,
/home/jaeson1012/agora_dataset/smplx_gt/smplx_gt/trainset_3dpeople_kids_bfh/10193_k_Mila_0_0.pkl,ok,neutral,11,10,11,1.4445313215255737,1.5115381479263306,
/home/jaeson1012/agora_dataset/smplx_gt/smplx_gt/trainset_3dpeople_kids_bfh/10194_k_Lilly_0_0.pkl,ok,neutral,11,10,11,1.2751247882843018,1.3544809818267822,
/home/jaeson1012/agora_dataset/smplx_gt/smplx_gt/trainset_3dpeople_kids_bfh/10209_k_Mila_0_0.pkl,ok,neutral,11,10,11,1.4334042072296143,1.4296406507492065,
/home/jaeson1012/agora_dataset/smplx_gt/smplx_gt/trainset_3dpeople_kids_bfh/10210_k_Mila_0_0.pkl,ok,neutral,11,10,11,1.5037286281585693,0.8595031499862671,
/home/jaeson1012/agora_dataset/smplx_gt/smplx_gt/trainset_3dpeople_kids_bfh/10212_k_Lilly_0_0.pkl,ok,neutral,11,10,11,1.3514094948768616,1.3383347988128662,
/home/jaeson1012/agora_dataset/smplx_gt/smplx_gt/trainset_3dpeople_kids_bfh/10213_k_Lilly_0_0.pkl,ok,neutral,11,10,11,1.3240329027175903,1.3335511684417725,
/home/jaeson1012/agora_dataset/smplx_gt/smplx_gt/trainset_3dpeople_kids_bfh/10249_k_Lilly_0_0.pkl,ok,neutral,11,10,11,1.1725268363952637,1.336830973625183,
/home/jaeson1012/agora_dataset/smplx_gt/smplx_gt/trainset_3dpeople_kids_bfh/10250_k_Lilly_0_0.pkl,ok,neutral,11,10,11,1.326307773590088,1.335208535194397,
/home/jaeson1012/agora_dataset/smplx_gt/smplx_gt/trainset_3dpeople_kids_bfh/10251_k_Lilly_0_0.pkl,ok,neutral,11,10,11,1.7697004675865173,0.8560903072357178,
/home/jaeson1012/agora_dataset/smplx_gt/smplx_gt/trainset_3dpeople_kids_bfh/10252_k_Lilly_0_0.pkl,ok,neutral,11,10,11,1.3415929079055786,1.3374804258346558,
/home/jaeson1012/agora_dataset/smplx_gt/smplx_gt/trainset_3dpeople_kids_bfh/10253_k_Lilly_0_0.pkl,ok,neutral,11,10,11,1.3396285772323608,1.3288639783859253,
/home/jaeson1012/agora_dataset/smplx_gt/smplx_gt/trainset_3dpeople_kids_bfh/10257_k_Layla_0_0.pkl,ok,neutral,11,10,11,1.4566903114318848,1.4547781944274902,
/home/jaeson1012/agora_dataset/smplx_gt/smplx_gt/trainset_3dpeople_kids_bfh/10258_k_Lilly_0_0.pkl,ok,neutral,11,10,11,1.2988951802253723,1.3428008556365967,
/home/jaeson1012/agora_dataset/smplx_gt/smplx_gt/trainset_3dpeople_kids_bfh/10262_k_Thilo_0_0.pkl,ok,male,11,10,11,1.1933459043502808,1.178968071937561,
/home/jaeson1012/agora_dataset/smplx_gt/smplx_gt/trainset_3dpeople_kids_bfh/10263_k_Matthilda_0_0.pkl,ok,neutral,11,10,11,1.380154311656952,1.3749276399612427,
/home/jaeson1012/agora_dataset/smplx_gt/smplx_gt/trainset_3dpeople_kids_bfh/10288_k_Lilly_0_0.pkl,ok,neutral,11,10,11,1.2985411882400513,1.3081824779510498,
/home/jaeson1012/agora_dataset/smplx_gt/smplx_gt/trainset_3dpeople_kids_bfh/10289_k_Lilly_0_0.pkl,ok,neutral,11,10,11,1.313758909702301,1.3614956140518188,
/home/jaeson1012/agora_dataset/smplx_gt/smplx_gt/trainset_3dpeople_kids_bfh/10290_k_Lilly_0_0.pkl,ok,neutral,11,10,11,1.3514326810836792,1.331242561340332,
/home/jaeson1012/agora_dataset/smplx_gt/smplx_gt/trainset_3dpeople_kids_bfh/10291_k_Layla_0_0.pkl,ok,neutral,11,10,11,1.5137215852737427,1.4810928106307983,
/home/jaeson1012/agora_dataset/smplx_gt/smplx_gt/trainset_3dpeople_kids_bfh/10293_k_Layla_0_0.pkl,ok,neutral,11,10,11,1.5033333897590637,1.4800329208374023,
/home/jaeson1012/agora_dataset/smplx_gt/smplx_gt/trainset_3dpeople_kids_bfh/10398_k_Cory_0_0.pkl,ok,male,11,10,11,1.2624082565307617,1.2675557136535645,
/home/jaeson1012/agora_dataset/smplx_gt/smplx_gt/trainset_3dpeople_kids_bfh/10727_k_Lisa_0_0.pkl,ok,neutral,11,10,11,1.6881839632987976,1.6826319694519043,
/home/jaeson1012/agora_dataset/smplx_gt/smplx_gt/trainset_3dpeople_kids_bfh/10728_k_Lisa_0_0.pkl,ok,neutral,11,10,11,1.5193557143211365,0.7105824947357178,
/home/jaeson1012/agora_dataset/smplx_gt/smplx_gt/trainset_3dpeople_kids_bfh/10905_k_Nina_0_0.pkl,ok,neutral,11,10,11,1.485412359237671,1.4822174310684204,
/home/jaeson1012/agora_dataset/smplx_gt/smplx_gt/trainset_3dpeople_kids_bfh/10906_k_Melanie_0_0.pkl,ok,neutral,11,10,11,1.6485947966575623,1.6386597156524658,
/home/jaeson1012/agora_dataset/smplx_gt/smplx_gt/trainset_3dpeople_kids_bfh/10910_k_Thilo_0_0.pkl,ok,male,11,10,11,1.209188461303711,1.1658509969711304,
/home/jaeson1012/agora_dataset/smplx_gt/smplx_gt/trainset_3dpeople_kids_body/10047_k_Zachary_0_0.pkl,ok,male,11,10,11,1.2343862056732178,1.2247557640075684,
/home/jaeson1012/agora_dataset/smplx_gt/smplx_gt/trainset_3dpeople_kids_body/10087_k_Jamila_0_0.pkl,ok,neutral,11,10,11,0.9771066904067993,0.9778485298156738,
/home/jaeson1012/agora_dataset/smplx_gt/smplx_gt/trainset_3dpeople_kids_body/10211_k_Mila_0_0.pkl,ok,neutral,11,10,11,1.398421049118042,1.3587967157363892,
/home/jaeson1012/agora_dataset/smplx_gt/smplx_gt/trainset_3dpeople_kids_body/10216_k_Amal_0_0.pkl,ok,male,11,10,11,1.3780115842819214,1.3375481367111206,
/home/jaeson1012/agora_dataset/smplx_gt/smplx_gt/trainset_3dpeople_kids_body/10217_k_Amal_0_0.pkl,ok,male,11,10,11,1.4126677513122559,1.3562690019607544,
/home/jaeson1012/agora_dataset/smplx_gt/smplx_gt/trainset_3dpeople_kids_body/10218_k_Amal_0_0.pkl,ok,male,11,10,11,1.3545783162117004,0.621367871761322,
/home/jaeson1012/agora_dataset/smplx_gt/smplx_gt/trainset_3dpeople_kids_body/10292_k_Layla_0_0.pkl,ok,neutral,11,10,11,1.5144367218017578,1.4861160516738892,
/home/jaeson1012/agora_dataset/smplx_gt/smplx_gt/trainset_3dpeople_kids_body/10626_k_Sophie_0_0.pkl,ok,neutral,11,10,11,1.3025795221328735,1.332133173942566,
/home/jaeson1012/agora_dataset/smplx_gt/smplx_gt/trainset_axyz_kids_bfh/CBoy0001-HD2-O02P01-S_0_0.pkl,ok,male,11,10,11,1.1547597646713257,1.145955204963684,
/home/jaeson1012/agora_dataset/smplx_gt/smplx_gt/trainset_axyz_kids_bfh/CBoy0002-HD2-O02P01-S_0_0.pkl,ok,male,11,10,11,1.2635640501976013,0.8134474754333496,
/home/jaeson1012/agora_dataset/smplx_gt/smplx_gt/trainset_axyz_kids_bfh/CBoy0002-HD2-O03P01-S_0_0.pkl,ok,male,11,10,11,1.2526808977127075,1.24842369556427,
/home/jaeson1012/agora_dataset/smplx_gt/smplx_gt/trainset_axyz_kids_bfh/CBoy0004-HD2-O02P01-S_0_0.pkl,ok,male,11,10,11,1.5875494480133057,1.5725369453430176,
/home/jaeson1012/agora_dataset/smplx_gt/smplx_gt/trainset_axyz_kids_bfh/CBoy0005-HD2-O01P01-S_0_0.pkl,ok,male,11,10,11,1.4013043642044067,1.3611656427383423,
/home/jaeson1012/agora_dataset/smplx_gt/smplx_gt/trainset_axyz_kids_bfh/CBoy0005-HD2-O02P01-S_0_0.pkl,ok,male,11,10,11,1.3557896614074707,1.3670117855072021,
/home/jaeson1012/agora_dataset/smplx_gt/smplx_gt/trainset_axyz_kids_bfh/CBoy0005-HD2-O03P01-S_0_0.pkl,ok,male,11,10,11,1.382279872894287,1.3632301092147827,
/home/jaeson1012/agora_dataset/smplx_gt/smplx_gt/trainset_axyz_kids_bfh/CBoy0200-HD2-O01P01-S_0_0.pkl,ok,male,11,10,11,0.9706505835056305,0.9758402705192566,
/home/jaeson1012/agora_dataset/smplx_gt/smplx_gt/trainset_axyz_kids_bfh/CBoy0203-HD2-O01P01-S_0_0.pkl,ok,male,11,10,11,1.4303511381149292,1.3984951972961426,
/home/jaeson1012/agora_dataset/smplx_gt/smplx_gt/trainset_axyz_kids_bfh/CBoy0300-HD2-O01P01-S_0_0.pkl,ok,male,11,10,11,1.2193127870559692,1.209389567375183,
/home/jaeson1012/agora_dataset/smplx_gt/smplx_gt/trainset_axyz_kids_bfh/CBoy0300-HD2-O03P01-S_0_0.pkl,ok,male,11,10,11,1.211453914642334,1.1881003379821777,
/home/jaeson1012/agora_dataset/smplx_gt/smplx_gt/trainset_axyz_kids_bfh/CBoy0301-HD2-O01P01-S_0_0.pkl,ok,male,11,10,11,1.3156120777130127,1.26370370388031,
/home/jaeson1012/agora_dataset/smplx_gt/smplx_gt/trainset_axyz_kids_bfh/CBoy0301-HD2-O02P01-S_0_0.pkl,ok,male,11,10,11,1.3278868198394775,1.3207144737243652,
/home/jaeson1012/agora_dataset/smplx_gt/smplx_gt/trainset_axyz_kids_bfh/CBoy0301-HD2-O03P01-S_0_0.pkl,ok,male,11,10,11,1.3029756546020508,1.3042738437652588,
/home/jaeson1012/agora_dataset/smplx_gt/smplx_gt/trainset_axyz_kids_bfh/CBoy0303-HD2-O01P01-S_0_0.pkl,ok,male,11,10,11,1.563026487827301,1.5657671689987183,
/home/jaeson1012/agora_dataset/smplx_gt/smplx_gt/trainset_axyz_kids_bfh/CBoy0303-HD2-O02P01-S_0_0.pkl,ok,male,11,10,11,1.5395472049713135,1.5575761795043945,
/home/jaeson1012/agora_dataset/smplx_gt/smplx_gt/trainset_axyz_kids_bfh/CGirl0001-HD2-O02P01-S_0_0.pkl,ok,neutral,11,10,11,1.1638041734695435,1.15048086643219,
/home/jaeson1012/agora_dataset/smplx_gt/smplx_gt/trainset_axyz_kids_bfh/CGirl0003-HD2-O01P01-S_0_0.pkl,ok,neutral,11,10,11,1.4009995460510254,0.6533956527709961,
/home/jaeson1012/agora_dataset/smplx_gt/smplx_gt/trainset_axyz_kids_bfh/CGirl0003-HD2-O03P01-S_0_0.pkl,ok,neutral,11,10,11,1.357526421546936,1.1587330102920532,
/home/jaeson1012/agora_dataset/smplx_gt/smplx_gt/trainset_axyz_kids_bfh/CGirl0005-HD2-O01P01-S_0_0.pkl,ok,neutral,11,10,11,1.4664289951324463,1.4393599033355713,
/home/jaeson1012/agora_dataset/smplx_gt/smplx_gt/trainset_axyz_kids_bfh/CGirl0005-HD2-O02P01-S_0_0.pkl,ok,neutral,11,10,11,1.4782055616378784,1.1457350254058838,
/home/jaeson1012/agora_dataset/smplx_gt/smplx_gt/trainset_axyz_kids_bfh/CGirl0005-HD2-O03P01-S_0_0.pkl,ok,neutral,11,10,11,1.4741846323013306,1.5182063579559326,
/home/jaeson1012/agora_dataset/smplx_gt/smplx_gt/trainset_axyz_kids_bfh/CGirl0201-HD2-O01P01-S_0_0.pkl,ok,neutral,11,10,11,1.1655051708221436,1.1300461292266846,
/home/jaeson1012/agora_dataset/smplx_gt/smplx_gt/trainset_axyz_kids_bfh/CGirl0300-HD2-O01P01-S_0_0.pkl,ok,neutral,11,10,11,1.146104335784912,1.1319935321807861,
/home/jaeson1012/agora_dataset/smplx_gt/smplx_gt/trainset_axyz_kids_bfh/CGirl0303-HD2-O01P01-S_0_0.pkl,ok,neutral,11,10,11,1.1919346451759338,0.8371493220329285,
/home/jaeson1012/agora_dataset/smplx_gt/smplx_gt/trainset_axyz_kids_bfh/CGirl0303-HD2-O02P01-S_0_0.pkl,ok,neutral,11,10,11,1.1943880319595337,0.7735021114349365,
/home/jaeson1012/agora_dataset/smplx_gt/smplx_gt/trainset_axyz_kids_bfh/Plg0001-HD2-O01P01-S_0_0.pkl,ok,male,11,10,11,1.5067411661148071,1.49826979637146,
/home/jaeson1012/agora_dataset/smplx_gt/smplx_gt/trainset_axyz_kids_bfh/Plg0008-HD2-O01P01-S_0_0.pkl,ok,neutral,11,10,11,1.2955666184425354,1.290711760520935,
/home/jaeson1012/agora_dataset/smplx_gt/smplx_gt/trainset_axyz_kids_bfh/Sch0005-HD2-O01P01-S_0_0.pkl,ok,neutral,11,10,11,1.3014169335365295,0.992433488368988,
/home/jaeson1012/agora_dataset/smplx_gt/smplx_gt/trainset_axyz_kids_bfh/Sch0008-HD2-O01P01-S_0_0.pkl,ok,male,11,10,11,1.5484596490859985,1.5530790090560913,
/home/jaeson1012/agora_dataset/smplx_gt/smplx_gt/trainset_axyz_kids_bfh/Sch0009-HD2-O01P01-S_0_0.pkl,ok,male,11,10,11,1.070050835609436,1.041467308998108,
/home/jaeson1012/agora_dataset/smplx_gt/smplx_gt/trainset_axyz_kids_body/CBoy0201-HD2-O01P01-S_0_0.pkl,ok,male,11,10,11,1.4856263399124146,1.470026969909668,
/home/jaeson1012/agora_dataset/smplx_gt/smplx_gt/trainset_axyz_kids_body/CBoy0204-HD2-O01P01-S_0_0.pkl,ok,male,11,10,11,1.3346489667892456,1.3322139978408813,
/home/jaeson1012/agora_dataset/smplx_gt/smplx_gt/trainset_axyz_kids_body/CGirl0002-HD2-O02P01-S_0_0.pkl,ok,neutral,11,10,11,1.1313307285308838,0.725139319896698,
/home/jaeson1012/agora_dataset/smplx_gt/smplx_gt/trainset_axyz_kids_body/CGirl0200-HD2-O01P01-S_0_0.pkl,ok,neutral,11,10,11,1.5168828964233398,1.4737999439239502,
/home/jaeson1012/agora_dataset/smplx_gt/smplx_gt/trainset_axyz_kids_body/Plg0002-HD2-O01P01-S_0_0.pkl,ok,male,11,10,11,1.4986239075660706,1.1185604333877563,
/home/jaeson1012/agora_dataset/smplx_gt/smplx_gt/trainset_axyz_kids_body/Sch0004-HD2-O01P01-S_0_0.pkl,ok,neutral,11,10,11,1.060619592666626,1.0411115884780884,
/home/jaeson1012/agora_dataset/smplx_gt/smplx_gt/trainset_movedrenderpeople_kids_bfh/rp_koji_posed_002_0_0.pkl,ok,male,11,10,11,1.3517881631851196,1.2498372793197632,
/home/jaeson1012/agora_dataset/smplx_gt/smplx_gt/trainset_movedrenderpeople_kids_bfh/rp_koji_posed_003_0_0.pkl,ok,male,11,10,11,1.451941967010498,1.4370428323745728,
/home/jaeson1012/agora_dataset/smplx_gt/smplx_gt/trainset_movedrenderpeople_kids_bfh/rp_koji_posed_004_0_0.pkl,ok,male,11,10,11,1.429723858833313,1.4431090354919434,
/home/jaeson1012/agora_dataset/smplx_gt/smplx_gt/trainset_movedrenderpeople_kids_bfh/rp_koji_posed_008_0_0.pkl,ok,male,11,10,11,1.4251540303230286,1.146267056465149,
/home/jaeson1012/agora_dataset/smplx_gt/smplx_gt/trainset_movedrenderpeople_kids_bfh/rp_koji_posed_009_0_0.pkl,ok,male,11,10,11,1.4529460668563843,1.0939438343048096,
/home/jaeson1012/agora_dataset/smplx_gt/smplx_gt/trainset_movedrenderpeople_kids_bfh/rp_koji_posed_010_0_0.pkl,ok,male,11,10,11,1.4496545195579529,1.445267677307129,
/home/jaeson1012/agora_dataset/smplx_gt/smplx_gt/trainset_movedrenderpeople_kids_bfh/rp_koji_posed_011_0_0.pkl,ok,male,11,10,11,1.436038315296173,1.1515226364135742,
/home/jaeson1012/agora_dataset/smplx_gt/smplx_gt/trainset_movedrenderpeople_kids_bfh/rp_koji_posed_012_0_0.pkl,ok,male,11,10,11,1.4064952731132507,1.1402308940887451,
/home/jaeson1012/agora_dataset/smplx_gt/smplx_gt/trainset_movedrenderpeople_kids_bfh/rp_koji_posed_013_0_0.pkl,ok,male,11,10,11,1.2941964864730835,0.6002323031425476,
/home/jaeson1012/agora_dataset/smplx_gt/smplx_gt/trainset_movedrenderpeople_kids_bfh/rp_koji_posed_014_0_0.pkl,ok,male,11,10,11,1.460824966430664,1.4518288373947144,
/home/jaeson1012/agora_dataset/smplx_gt/smplx_gt/trainset_movedrenderpeople_kids_bfh/rp_liz_posed_001_0_0.pkl,ok,neutral,11,10,11,0.9353906512260437,0.9405803680419922,
/home/jaeson1012/agora_dataset/smplx_gt/smplx_gt/trainset_movedrenderpeople_kids_bfh/rp_liz_posed_002_0_0.pkl,ok,neutral,11,10,11,0.9166640639305115,0.9166553020477295,
/home/jaeson1012/agora_dataset/smplx_gt/smplx_gt/trainset_movedrenderpeople_kids_bfh/rp_liz_posed_003_0_0.pkl,ok,neutral,11,10,11,0.9822105169296265,0.9771128296852112,
/home/jaeson1012/agora_dataset/smplx_gt/smplx_gt/trainset_movedrenderpeople_kids_bfh/rp_liz_posed_005_0_0.pkl,ok,neutral,11,10,11,0.9669510424137115,0.9599631428718567,
/home/jaeson1012/agora_dataset/smplx_gt/smplx_gt/trainset_movedrenderpeople_kids_bfh/rp_liz_posed_006_0_0.pkl,ok,neutral,11,10,11,0.9766083359718323,0.9575114846229553,
/home/jaeson1012/agora_dataset/smplx_gt/smplx_gt/trainset_renderpeople_kids_bfh/rp_elena_posed_001_0_0.pkl,ok,neutral,11,10,11,1.239692509174347,0.9975712895393372,
/home/jaeson1012/agora_dataset/smplx_gt/smplx_gt/trainset_renderpeople_kids_bfh/rp_elena_posed_002_0_0.pkl,ok,neutral,11,10,11,1.2604185342788696,1.0473610162734985,
/home/jaeson1012/agora_dataset/smplx_gt/smplx_gt/trainset_renderpeople_kids_bfh/rp_elena_posed_003_0_0.pkl,ok,neutral,11,10,11,1.264361023902893,1.2474032640457153,
/home/jaeson1012/agora_dataset/smplx_gt/smplx_gt/trainset_renderpeople_kids_bfh/rp_elena_posed_005_0_0.pkl,ok,neutral,11,10,11,1.2329536080360413,0.6168789863586426,
/home/jaeson1012/agora_dataset/smplx_gt/smplx_gt/trainset_renderpeople_kids_bfh/rp_elena_posed_006_0_0.pkl,ok,neutral,11,10,11,1.2411447763442993,1.2442855834960938,
/home/jaeson1012/agora_dataset/smplx_gt/smplx_gt/trainset_renderpeople_kids_bfh/rp_elena_posed_007_0_0.pkl,ok,neutral,11,10,11,1.2377431988716125,1.0170073509216309,
/home/jaeson1012/agora_dataset/smplx_gt/smplx_gt/trainset_renderpeople_kids_bfh/rp_elena_posed_008_0_0.pkl,ok,neutral,11,10,11,1.1893023252487183,1.0300694704055786,
/home/jaeson1012/agora_dataset/smplx_gt/smplx_gt/trainset_renderpeople_kids_bfh/rp_elena_posed_009_0_0.pkl,ok,neutral,11,10,11,1.2370283007621765,1.2395107746124268,
/home/jaeson1012/agora_dataset/smplx_gt/smplx_gt/trainset_renderpeople_kids_bfh/rp_elena_posed_011_0_0.pkl,ok,neutral,11,10,11,1.2342233657836914,1.2454960346221924,
/home/jaeson1012/agora_dataset/smplx_gt/smplx_gt/trainset_renderpeople_kids_bfh/rp_elena_posed_013_0_0.pkl,ok,neutral,11,10,11,1.2445852160453796,1.3483867645263672,
/home/jaeson1012/agora_dataset/smplx_gt/smplx_gt/trainset_renderpeople_kids_bfh/rp_emily_posed_001_0_0.pkl,ok,neutral,11,10,11,1.440855622291565,1.4521249532699585,
/home/jaeson1012/agora_dataset/smplx_gt/smplx_gt/trainset_renderpeople_kids_bfh/rp_emily_posed_002_0_0.pkl,ok,neutral,11,10,11,1.429377555847168,1.4201686382293701,
/home/jaeson1012/agora_dataset/smplx_gt/smplx_gt/trainset_renderpeople_kids_bfh/rp_emily_posed_003_0_0.pkl,ok,neutral,11,10,11,1.4627853631973267,1.4564974308013916,
/home/jaeson1012/agora_dataset/smplx_gt/smplx_gt/trainset_renderpeople_kids_bfh/rp_emily_posed_004_0_0.pkl,ok,neutral,11,10,11,1.4964901804924011,1.2767716646194458,
/home/jaeson1012/agora_dataset/smplx_gt/smplx_gt/trainset_renderpeople_kids_bfh/rp_emily_posed_005_0_0.pkl,ok,neutral,11,10,11,1.422991156578064,1.440405011177063,
/home/jaeson1012/agora_dataset/smplx_gt/smplx_gt/trainset_renderpeople_kids_bfh/rp_emily_posed_006_0_0.pkl,ok,neutral,11,10,11,1.4386783242225647,1.4538849592208862,
/home/jaeson1012/agora_dataset/smplx_gt/smplx_gt/trainset_renderpeople_kids_bfh/rp_emily_posed_007_0_0.pkl,ok,neutral,11,10,11,1.4343903064727783,1.4566797018051147,
/home/jaeson1012/agora_dataset/smplx_gt/smplx_gt/trainset_renderpeople_kids_bfh/rp_emily_posed_009_0_0.pkl,ok,neutral,11,10,11,1.436991035938263,1.4483873844146729,
/home/jaeson1012/agora_dataset/smplx_gt/smplx_gt/trainset_renderpeople_kids_bfh/rp_emily_posed_010_0_0.pkl,ok,neutral,11,10,11,1.4289811849594116,1.4093748331069946,
/home/jaeson1012/agora_dataset/smplx_gt/smplx_gt/trainset_renderpeople_kids_bfh/rp_emily_posed_011_0_0.pkl,ok,neutral,11,10,11,1.4881369471549988,1.2570277452468872,
/home/jaeson1012/agora_dataset/smplx_gt/smplx_gt/trainset_renderpeople_kids_bfh/rp_emily_posed_012_0_0.pkl,ok,neutral,11,10,11,1.442979633808136,1.461067795753479,
/home/jaeson1012/agora_dataset/smplx_gt/smplx_gt/trainset_renderpeople_kids_bfh/rp_emily_posed_013_0_0.pkl,ok,neutral,11,10,11,1.4317442178726196,1.432266116142273,
/home/jaeson1012/agora_dataset/smplx_gt/smplx_gt/trainset_renderpeople_kids_bfh/rp_emily_posed_014_0_0.pkl,ok,neutral,11,10,11,1.4634162187576294,1.4538692235946655,
/home/jaeson1012/agora_dataset/smplx_gt/smplx_gt/trainset_renderpeople_kids_bfh/rp_emily_posed_015_0_0.pkl,ok,neutral,11,10,11,1.5227461457252502,1.2589266300201416,
/home/jaeson1012/agora_dataset/smplx_gt/smplx_gt/trainset_renderpeople_kids_bfh/rp_emily_posed_016_0_0.pkl,ok,neutral,11,10,11,1.461998164653778,1.453850269317627,
/home/jaeson1012/agora_dataset/smplx_gt/smplx_gt/trainset_renderpeople_kids_bfh/rp_emily_posed_018_0_0.pkl,ok,neutral,11,10,11,1.463815689086914,1.231205701828003,
/home/jaeson1012/agora_dataset/smplx_gt/smplx_gt/trainset_renderpeople_kids_bfh/rp_emily_posed_019_0_0.pkl,ok,neutral,11,10,11,1.4169232845306396,1.420575499534607,
/home/jaeson1012/agora_dataset/smplx_gt/smplx_gt/trainset_renderpeople_kids_bfh/rp_emily_posed_020_0_0.pkl,ok,neutral,11,10,11,1.57122141122818,1.23539137840271,
/home/jaeson1012/agora_dataset/smplx_gt/smplx_gt/trainset_renderpeople_kids_bfh/rp_emily_posed_021_0_0.pkl,ok,neutral,11,10,11,1.4611048698425293,1.4182963371276855,
/home/jaeson1012/agora_dataset/smplx_gt/smplx_gt/trainset_renderpeople_kids_bfh/rp_emily_posed_022_0_0.pkl,ok,neutral,11,10,11,1.4469504356384277,1.4332696199417114,
/home/jaeson1012/agora_dataset/smplx_gt/smplx_gt/trainset_renderpeople_kids_bfh/rp_emily_posed_023_0_0.pkl,ok,neutral,11,10,11,1.4307042956352234,1.4326435327529907,
/home/jaeson1012/agora_dataset/smplx_gt/smplx_gt/trainset_renderpeople_kids_bfh/rp_emily_posed_026_0_0.pkl,ok,neutral,11,10,11,1.5259594917297363,1.2838996648788452,
/home/jaeson1012/agora_dataset/smplx_gt/smplx_gt/trainset_renderpeople_kids_bfh/rp_emily_posed_027_0_0.pkl,ok,neutral,11,10,11,1.446143627166748,1.4650344848632812,
/home/jaeson1012/agora_dataset/smplx_gt/smplx_gt/trainset_renderpeople_kids_bfh/rp_emily_posed_028_0_0.pkl,ok,neutral,11,10,11,1.5132421255111694,1.269173264503479,
/home/jaeson1012/agora_dataset/smplx_gt/smplx_gt/trainset_renderpeople_kids_bfh/rp_emily_posed_029_0_0.pkl,ok,neutral,11,10,11,1.5356385111808777,1.2546340227127075,
/home/jaeson1012/agora_dataset/smplx_gt/smplx_gt/trainset_renderpeople_kids_bfh/rp_holly_posed_001_0_0.pkl,ok,neutral,11,10,11,1.4962334036827087,1.503089427947998,
/home/jaeson1012/agora_dataset/smplx_gt/smplx_gt/trainset_renderpeople_kids_bfh/rp_holly_posed_002_0_0.pkl,ok,neutral,11,10,11,1.525039553642273,1.5184522867202759,
/home/jaeson1012/agora_dataset/smplx_gt/smplx_gt/trainset_renderpeople_kids_bfh/rp_holly_posed_005_0_0.pkl,ok,neutral,11,10,11,1.4533811807632446,1.1571763753890991,
/home/jaeson1012/agora_dataset/smplx_gt/smplx_gt/trainset_renderpeople_kids_bfh/rp_holly_posed_006_0_0.pkl,ok,neutral,11,10,11,1.541110873222351,1.533225178718567,
/home/jaeson1012/agora_dataset/smplx_gt/smplx_gt/trainset_renderpeople_kids_bfh/rp_holly_posed_007_0_0.pkl,ok,neutral,11,10,11,1.4182863235473633,1.116541862487793,
/home/jaeson1012/agora_dataset/smplx_gt/smplx_gt/trainset_renderpeople_kids_bfh/rp_holly_posed_008_0_0.pkl,ok,neutral,11,10,11,1.4610119462013245,1.084506630897522,
/home/jaeson1012/agora_dataset/smplx_gt/smplx_gt/trainset_renderpeople_kids_bfh/rp_holly_posed_009_0_0.pkl,ok,neutral,11,10,11,1.4806363582611084,1.475001573562622,
/home/jaeson1012/agora_dataset/smplx_gt/smplx_gt/trainset_renderpeople_kids_bfh/rp_holly_posed_011_0_0.pkl,ok,neutral,11,10,11,1.419120192527771,1.1011191606521606,
/home/jaeson1012/agora_dataset/smplx_gt/smplx_gt/trainset_renderpeople_kids_bfh/rp_holly_posed_012_0_0.pkl,ok,neutral,11,10,11,1.5671055912971497,1.1057900190353394,
/home/jaeson1012/agora_dataset/smplx_gt/smplx_gt/trainset_renderpeople_kids_bfh/rp_holly_posed_014_0_0.pkl,ok,neutral,11,10,11,1.5092087388038635,1.5107896327972412,
/home/jaeson1012/agora_dataset/smplx_gt/smplx_gt/trainset_renderpeople_kids_bfh/rp_jason_posed_001_0_0.pkl,ok,male,11,10,11,1.268341064453125,1.2683972120285034,
/home/jaeson1012/agora_dataset/smplx_gt/smplx_gt/trainset_renderpeople_kids_bfh/rp_jason_posed_004_0_0.pkl,ok,male,11,10,11,1.2835534811019897,1.2482571601867676,
/home/jaeson1012/agora_dataset/smplx_gt/smplx_gt/trainset_renderpeople_kids_bfh/rp_jason_posed_008_0_0.pkl,ok,male,11,10,11,1.271106481552124,1.2504589557647705,
/home/jaeson1012/agora_dataset/smplx_gt/smplx_gt/trainset_renderpeople_kids_bfh/rp_jason_posed_009_0_0.pkl,ok,male,11,10,11,1.2404305934906006,1.1656938791275024,
/home/jaeson1012/agora_dataset/smplx_gt/smplx_gt/trainset_renderpeople_kids_bfh/rp_jason_posed_010_0_0.pkl,ok,male,11,10,11,1.2938435077667236,1.260714054107666,
/home/jaeson1012/agora_dataset/smplx_gt/smplx_gt/trainset_renderpeople_kids_bfh/rp_jasper_posed_002_0_0.pkl,ok,male,11,10,11,1.2034217715263367,1.1923778057098389,
/home/jaeson1012/agora_dataset/smplx_gt/smplx_gt/trainset_renderpeople_kids_bfh/rp_kylie_posed_001_0_0.pkl,ok,neutral,11,10,11,1.157447874546051,1.1318176984786987,
/home/jaeson1012/agora_dataset/smplx_gt/smplx_gt/trainset_renderpeople_kids_bfh/rp_kylie_posed_002_0_0.pkl,ok,neutral,11,10,11,1.129416048526764,1.1348357200622559,
/home/jaeson1012/agora_dataset/smplx_gt/smplx_gt/trainset_renderpeople_kids_bfh/rp_kylie_posed_004_0_0.pkl,ok,neutral,11,10,11,1.159099817276001,1.1459490060806274,
/home/jaeson1012/agora_dataset/smplx_gt/smplx_gt/trainset_renderpeople_kids_bfh/rp_kylie_posed_006_0_0.pkl,ok,neutral,11,10,11,1.1525174379348755,1.1501195430755615,
/home/jaeson1012/agora_dataset/smplx_gt/smplx_gt/trainset_renderpeople_kids_bfh/rp_kylie_posed_007_0_0.pkl,ok,neutral,11,10,11,1.1333522200584412,1.1395111083984375,
/home/jaeson1012/agora_dataset/smplx_gt/smplx_gt/trainset_renderpeople_kids_bfh/rp_kylie_posed_008_0_0.pkl,ok,neutral,11,10,11,1.1333564519882202,1.138144850730896,
/home/jaeson1012/agora_dataset/smplx_gt/smplx_gt/trainset_renderpeople_kids_bfh/rp_kylie_posed_009_0_0.pkl,ok,neutral,11,10,11,1.128236174583435,1.1357672214508057,
/home/jaeson1012/agora_dataset/smplx_gt/smplx_gt/trainset_renderpeople_kids_bfh/rp_kylie_posed_010_0_0.pkl,ok,neutral,11,10,11,1.1411654353141785,1.134529948234558,
/home/jaeson1012/agora_dataset/smplx_gt/smplx_gt/trainset_renderpeople_kids_bfh/rp_kylie_posed_011_0_0.pkl,ok,neutral,11,10,11,1.1359195709228516,1.1311910152435303,
/home/jaeson1012/agora_dataset/smplx_gt/smplx_gt/trainset_renderpeople_kids_bfh/rp_kylie_posed_013_0_0.pkl,ok,neutral,11,10,11,1.1495884656906128,1.1450132131576538,
/home/jaeson1012/agora_dataset/smplx_gt/smplx_gt/trainset_renderpeople_kids_bfh/rp_kylie_posed_014_0_0.pkl,ok,neutral,11,10,11,1.1429057717323303,1.1302317380905151,
/home/jaeson1012/agora_dataset/smplx_gt/smplx_gt/trainset_renderpeople_kids_bfh/rp_kylie_posed_015_0_0.pkl,ok,neutral,11,10,11,1.1739466190338135,1.1509493589401245,
/home/jaeson1012/agora_dataset/smplx_gt/smplx_gt/trainset_renderpeople_kids_bfh/rp_kylie_posed_017_0_0.pkl,ok,neutral,11,10,11,1.206045150756836,1.1270406246185303,
/home/jaeson1012/agora_dataset/smplx_gt/smplx_gt/trainset_renderpeople_kids_bfh/rp_kylie_posed_020_0_0.pkl,ok,neutral,11,10,11,1.1571266651153564,0.6893071532249451,
/home/jaeson1012/agora_dataset/smplx_gt/smplx_gt/trainset_renderpeople_kids_bfh/rp_luisa_posed_001_0_0.pkl,ok,neutral,11,10,11,1.2474408149719238,1.2597382068634033,
/home/jaeson1012/agora_dataset/smplx_gt/smplx_gt/trainset_renderpeople_kids_bfh/rp_luisa_posed_005_0_0.pkl,ok,neutral,11,10,11,1.2554417848587036,1.0887891054153442,
/home/jaeson1012/agora_dataset/smplx_gt/smplx_gt/trainset_renderpeople_kids_bfh/rp_luisa_posed_008_0_0.pkl,ok,neutral,11,10,11,1.2579872608184814,1.2582491636276245,
/home/jaeson1012/agora_dataset/smplx_gt/smplx_gt/trainset_renderpeople_kids_bfh/rp_marie_posed_002_0_0.pkl,ok,neutral,11,10,11,1.5325085520744324,0.7455386519432068,
/home/jaeson1012/agora_dataset/smplx_gt/smplx_gt/trainset_renderpeople_kids_bfh/rp_noah_posed_001_0_0.pkl,ok,male,11,10,11,1.6352352499961853,1.2302244901657104,
/home/jaeson1012/agora_dataset/smplx_gt/smplx_gt/trainset_renderpeople_kids_bfh/rp_noah_posed_002_0_0.pkl,ok,male,11,10,11,1.600029170513153,1.183652639389038,
/home/jaeson1012/agora_dataset/smplx_gt/smplx_gt/trainset_renderpeople_kids_bfh/rp_noah_posed_004_0_0.pkl,ok,male,11,10,11,1.57769113779068,1.5793157815933228,
/home/jaeson1012/agora_dataset/smplx_gt/smplx_gt/trainset_renderpeople_kids_bfh/rp_noah_posed_005_0_0.pkl,ok,male,11,10,11,1.588042974472046,1.6028227806091309,
/home/jaeson1012/agora_dataset/smplx_gt/smplx_gt/trainset_renderpeople_kids_bfh/rp_noah_posed_006_0_0.pkl,ok,male,11,10,11,1.619226336479187,1.2317065000534058,
/home/jaeson1012/agora_dataset/smplx_gt/smplx_gt/trainset_renderpeople_kids_bfh/rp_noah_posed_007_0_0.pkl,ok,male,11,10,11,1.6288033723831177,1.2240219116210938,
/home/jaeson1012/agora_dataset/smplx_gt/smplx_gt/trainset_renderpeople_kids_bfh/rp_noah_posed_008_0_0.pkl,ok,male,11,10,11,1.6039483547210693,1.2066595554351807,
/home/jaeson1012/agora_dataset/smplx_gt/smplx_gt/trainset_renderpeople_kids_bfh/rp_noah_posed_009_0_0.pkl,ok,male,11,10,11,1.5699113011360168,1.4864888191223145,
/home/jaeson1012/agora_dataset/smplx_gt/smplx_gt/trainset_renderpeople_kids_bfh/rp_noah_posed_010_0_0.pkl,ok,male,11,10,11,1.621447503566742,1.6040276288986206,
/home/jaeson1012/agora_dataset/smplx_gt/smplx_gt/trainset_renderpeople_kids_bfh/rp_noah_posed_011_0_0.pkl,ok,male,11,10,11,1.5951236486434937,1.5956794023513794,
/home/jaeson1012/agora_dataset/smplx_gt/smplx_gt/trainset_renderpeople_kids_bfh/rp_noah_posed_012_0_0.pkl,ok,male,11,10,11,1.597930133342743,1.606238842010498,
/home/jaeson1012/agora_dataset/smplx_gt/smplx_gt/trainset_renderpeople_kids_bfh/rp_noah_posed_013_0_0.pkl,ok,male,11,10,11,1.596142292022705,1.5782886743545532,
/home/jaeson1012/agora_dataset/smplx_gt/smplx_gt/trainset_renderpeople_kids_bfh/rp_noah_posed_014_0_0.pkl,ok,male,11,10,11,1.604749321937561,1.613911509513855,
/home/jaeson1012/agora_dataset/smplx_gt/smplx_gt/trainset_renderpeople_kids_bfh/rp_percy_posed_003_0_0.pkl,ok,male,11,10,11,1.1775846481323242,1.1597371101379395,
/home/jaeson1012/agora_dataset/smplx_gt/smplx_gt/trainset_renderpeople_kids_bfh/rp_percy_posed_004_0_0.pkl,ok,male,11,10,11,1.1660749912261963,1.1421805620193481,
/home/jaeson1012/agora_dataset/smplx_gt/smplx_gt/trainset_renderpeople_kids_bfh/rp_percy_posed_009_0_0.pkl,ok,male,11,10,11,1.1791877150535583,1.1714431047439575,
/home/jaeson1012/agora_dataset/smplx_gt/smplx_gt/trainset_renderpeople_kids_bfh/rp_percy_posed_012_0_0.pkl,ok,male,11,10,11,1.1794424057006836,1.1582828760147095,
/home/jaeson1012/agora_dataset/smplx_gt/smplx_gt/trainset_renderpeople_kids_bfh/rp_peter_posed_002_0_0.pkl,ok,male,11,10,11,1.4889090061187744,1.493259072303772,
/home/jaeson1012/agora_dataset/smplx_gt/smplx_gt/trainset_renderpeople_kids_bfh/rp_tyler_posed_001_0_0.pkl,ok,male,11,10,11,1.3882656693458557,1.3914486169815063,
/home/jaeson1012/agora_dataset/smplx_gt/smplx_gt/trainset_renderpeople_kids_bfh/rp_tyler_posed_002_0_0.pkl,ok,male,11,10,11,1.4003642201423645,1.3889093399047852,
/home/jaeson1012/agora_dataset/smplx_gt/smplx_gt/trainset_renderpeople_kids_bfh/rp_tyler_posed_003_0_0.pkl,ok,male,11,10,11,1.400520920753479,1.4373283386230469,
/home/jaeson1012/agora_dataset/smplx_gt/smplx_gt/trainset_renderpeople_kids_bfh/rp_tyler_posed_004_0_0.pkl,ok,male,11,10,11,1.348139762878418,1.1332826614379883,
/home/jaeson1012/agora_dataset/smplx_gt/smplx_gt/trainset_renderpeople_kids_bfh/rp_tyler_posed_005_0_0.pkl,ok,male,11,10,11,1.4009474515914917,1.3846139907836914,
/home/jaeson1012/agora_dataset/smplx_gt/smplx_gt/trainset_renderpeople_kids_bfh/rp_tyler_posed_007_0_0.pkl,ok,male,11,10,11,1.3291986584663391,1.1137444972991943,
/home/jaeson1012/agora_dataset/smplx_gt/smplx_gt/trainset_renderpeople_kids_bfh/rp_tyler_posed_011_0_0.pkl,ok,male,11,10,11,1.4498685598373413,1.1131612062454224,
/home/jaeson1012/agora_dataset/smplx_gt/smplx_gt/trainset_renderpeople_kids_bfh/rp_tyler_posed_012_0_0.pkl,ok,male,11,10,11,1.3688842058181763,1.3657588958740234,
/home/jaeson1012/agora_dataset/smplx_gt/smplx_gt/trainset_renderpeople_kids_bfh/rp_tyler_posed_013_0_0.pkl,ok,male,11,10,11,1.3766741156578064,1.359633207321167,
/home/jaeson1012/agora_dataset/smplx_gt/smplx_gt/trainset_renderpeople_kids_body/rp_elena_posed_010_0_0.pkl,ok,neutral,11,10,11,1.2095694541931152,1.22794771194458,
/home/jaeson1012/agora_dataset/smplx_gt/smplx_gt/trainset_renderpeople_kids_body/rp_emily_posed_008_0_0.pkl,ok,neutral,11,10,11,1.4442495107650757,1.4360642433166504,
/home/jaeson1012/agora_dataset/smplx_gt/smplx_gt/trainset_renderpeople_kids_body/rp_emily_posed_017_0_0.pkl,ok,neutral,11,10,11,1.5502685904502869,1.254941701889038,
/home/jaeson1012/agora_dataset/smplx_gt/smplx_gt/trainset_renderpeople_kids_body/rp_emily_posed_024_0_0.pkl,ok,neutral,11,10,11,1.5677236914634705,1.2527527809143066,
/home/jaeson1012/agora_dataset/smplx_gt/smplx_gt/trainset_renderpeople_kids_body/rp_emily_posed_025_0_0.pkl,ok,neutral,11,10,11,1.5561391711235046,1.2413972616195679,
/home/jaeson1012/agora_dataset/smplx_gt/smplx_gt/trainset_renderpeople_kids_body/rp_holly_posed_003_0_0.pkl,ok,neutral,11,10,11,1.4495447874069214,1.096099615097046,
/home/jaeson1012/agora_dataset/smplx_gt/smplx_gt/trainset_renderpeople_kids_body/rp_holly_posed_004_0_0.pkl,ok,neutral,11,10,11,1.5417169332504272,1.5210812091827393,
/home/jaeson1012/agora_dataset/smplx_gt/smplx_gt/trainset_renderpeople_kids_body/rp_holly_posed_013_0_0.pkl,ok,neutral,11,10,11,1.4311531782150269,1.0825340747833252,
/home/jaeson1012/agora_dataset/smplx_gt/smplx_gt/trainset_renderpeople_kids_body/rp_jason_posed_002_0_0.pkl,ok,male,11,10,11,1.2612046003341675,1.273996353149414,
/home/jaeson1012/agora_dataset/smplx_gt/smplx_gt/trainset_renderpeople_kids_body/rp_jason_posed_003_0_0.pkl,ok,male,11,10,11,1.2616406679153442,1.004939079284668,
/home/jaeson1012/agora_dataset/smplx_gt/smplx_gt/trainset_renderpeople_kids_body/rp_jason_posed_007_0_0.pkl,ok,male,11,10,11,1.2380618453025818,0.9878066182136536,
/home/jaeson1012/agora_dataset/smplx_gt/smplx_gt/trainset_renderpeople_kids_body/rp_koji_posed_001_0_0.pkl,ok,male,11,10,11,1.4321476817131042,1.4326108694076538,
/home/jaeson1012/agora_dataset/smplx_gt/smplx_gt/trainset_renderpeople_kids_body/rp_kylie_posed_003_0_0.pkl,ok,neutral,11,10,11,1.1380661725997925,1.1358580589294434,
/home/jaeson1012/agora_dataset/smplx_gt/smplx_gt/trainset_renderpeople_kids_body/rp_kylie_posed_005_0_0.pkl,ok,neutral,11,10,11,1.1130382418632507,1.1199729442596436,
/home/jaeson1012/agora_dataset/smplx_gt/smplx_gt/trainset_renderpeople_kids_body/rp_kylie_posed_012_0_0.pkl,ok,neutral,11,10,11,1.153469204902649,1.1406066417694092,
/home/jaeson1012/agora_dataset/smplx_gt/smplx_gt/trainset_renderpeople_kids_body/rp_kylie_posed_016_0_0.pkl,ok,neutral,11,10,11,1.1222996711730957,1.1250972747802734,
/home/jaeson1012/agora_dataset/smplx_gt/smplx_gt/trainset_renderpeople_kids_body/rp_kylie_posed_018_0_0.pkl,ok,neutral,11,10,11,1.1232081651687622,1.124664068222046,
/home/jaeson1012/agora_dataset/smplx_gt/smplx_gt/trainset_renderpeople_kids_body/rp_liz_posed_004_0_0.pkl,ok,neutral,11,10,11,0.9643210768699646,0.5104035139083862,
/home/jaeson1012/agora_dataset/smplx_gt/smplx_gt/trainset_renderpeople_kids_body/rp_marie_posed_001_0_0.pkl,ok,neutral,11,10,11,1.5385326743125916,1.5271632671356201,
/home/jaeson1012/agora_dataset/smplx_gt/smplx_gt/trainset_renderpeople_kids_body/rp_noah_posed_003_0_0.pkl,ok,male,11,10,11,1.5804039239883423,1.5867624282836914,
/home/jaeson1012/agora_dataset/smplx_gt/smplx_gt/trainset_renderpeople_kids_body/rp_percy_posed_006_0_0.pkl,ok,male,11,10,11,1.1457850337028503,1.138507604598999,
/home/jaeson1012/agora_dataset/smplx_gt/smplx_gt/trainset_renderpeople_kids_body/rp_percy_posed_010_0_0.pkl,ok,male,11,10,11,1.1672714948654175,1.149519443511963,
/home/jaeson1012/agora_dataset/smplx_gt/smplx_gt/trainset_renderpeople_kids_body/rp_percy_posed_011_0_0.pkl,ok,male,11,10,11,1.1578040719032288,1.146230936050415,
/home/jaeson1012/agora_dataset/smplx_gt/smplx_gt/trainset_renderpeople_kids_body/rp_tyler_posed_006_0_0.pkl,ok,male,11,10,11,1.342475414276123,1.1213499307632446,
/home/jaeson1012/agora_dataset/smplx_gt/smplx_gt/trainset_renderpeople_kids_body/rp_tyler_posed_008_0_0.pkl,ok,male,11,10,11,1.4033253192901611,1.3865883350372314,
/home/jaeson1012/agora_dataset/smplx_gt/smplx_gt/trainset_renderpeople_kids_body/rp_tyler_posed_009_0_0.pkl,ok,male,11,10,11,1.4465925097465515,1.3870017528533936,
/home/jaeson1012/agora_dataset/smplx_gt/smplx_gt/trainset_renderpeople_kids_body/rp_tyler_posed_014_0_0.pkl,ok,male,11,10,11,1.4133340716362,1.134228229522705,
/home/jaeson1012/agora_dataset/smplx_gt/smplx_gt/trainset_renderpeople_kids_body/rp_zoey_posed_001_0_0.pkl,ok,neutral,11,10,11,1.3390204310417175,1.3177655935287476,
/home/jaeson1012/agora_dataset/smplx_gt/smplx_gt/trainset_renderpeople_p27_kids_bfh/rp_haily_posed_001_0_0.pkl,ok,neutral,11,10,11,1.5211337804794312,1.2607203722000122,
/home/jaeson1012/agora_dataset/smplx_gt/smplx_gt/trainset_renderpeople_p27_kids_bfh/rp_haily_posed_002_0_0.pkl,ok,neutral,11,10,11,1.5356420278549194,1.2672083377838135,
/home/jaeson1012/agora_dataset/smplx_gt/smplx_gt/trainset_renderpeople_p27_kids_bfh/rp_haily_posed_003_0_0.pkl,ok,neutral,11,10,11,1.5881356596946716,1.6395659446716309,
/home/jaeson1012/agora_dataset/smplx_gt/smplx_gt/trainset_renderpeople_p27_kids_bfh/rp_haily_posed_004_0_0.pkl,ok,neutral,11,10,11,1.480955958366394,1.2477401494979858,
/home/jaeson1012/agora_dataset/smplx_gt/smplx_gt/trainset_renderpeople_p27_kids_bfh/rp_haily_posed_005_0_0.pkl,ok,neutral,11,10,11,1.6013673543930054,1.6139066219329834,
/home/jaeson1012/agora_dataset/smplx_gt/smplx_gt/trainset_renderpeople_p27_kids_bfh/rp_haily_posed_008_0_0.pkl,ok,neutral,11,10,11,1.6423660516738892,1.6425890922546387,
/home/jaeson1012/agora_dataset/smplx_gt/smplx_gt/trainset_renderpeople_p27_kids_bfh/rp_haily_posed_009_0_0.pkl,ok,neutral,11,10,11,1.6021113395690918,1.6121999025344849,
/home/jaeson1012/agora_dataset/smplx_gt/smplx_gt/trainset_renderpeople_p27_kids_bfh/rp_lara_posed_005_0_0.pkl,ok,neutral,11,10,11,1.0885173082351685,1.2980895042419434,
/home/jaeson1012/agora_dataset/smplx_gt/smplx_gt/trainset_renderpeople_p27_kids_bfh/rp_lara_posed_010_0_0.pkl,ok,neutral,11,10,11,1.0564917922019958,0.9846714735031128,
/home/jaeson1012/agora_dataset/smplx_gt/smplx_gt/trainset_renderpeople_p27_kids_bfh/rp_lara_posed_012_0_0.pkl,ok,neutral,11,10,11,1.0130693018436432,0.8373879790306091,
/home/jaeson1012/agora_dataset/smplx_gt/smplx_gt/trainset_renderpeople_p27_kids_bfh/rp_lisa_posed_001_0_0.pkl,ok,neutral,11,10,11,1.410873532295227,1.4195858240127563,
/home/jaeson1012/agora_dataset/smplx_gt/smplx_gt/trainset_renderpeople_p27_kids_bfh/rp_lisa_posed_002_0_0.pkl,ok,neutral,11,10,11,1.4062151908874512,1.408152461051941,
/home/jaeson1012/agora_dataset/smplx_gt/smplx_gt/trainset_renderpeople_p27_kids_body/rp_haily_posed_006_0_0.pkl,ok,neutral,11,10,11,1.6322023272514343,1.629894733428955,
/home/jaeson1012/agora_dataset/smplx_gt/smplx_gt/trainset_renderpeople_p27_kids_body/rp_haily_posed_007_0_0.pkl,ok,neutral,11,10,11,1.5217329263687134,1.2623845338821411,
